{
  "1": "Orthopedic Surgeon",
  "2": "Neurologist",
  "3": "Hepatologist",
  "4": "Dermatologist",
  "5": "Gynaecologist",
  "7": "Cardiologist",
  "30": "Endocrinologist",
  "31": "Otolaryngologist",
  "32": "Urologist",
  "35": "Psychiatrist",
  "36": "Gastroenterologist",
  "37": "Nephrologist",
  "38": "Oncologist",
  "39": "Pulmonologist",
  "40": "Ophthalmologist",
  "41": "Dentist",
  "42": "Pediatrician",
  "43": "General Physician",
  "44": "Rheumatologist",
  "45": "Diabetologist",
  "46": "Allergist/Immunologist",
  "47": "Plastic Surgeon",
  "48": "Radiologist",
  "49": "Infectious Disease Specialist",
  "50": "Nutritionist",
  "51": "Physiotherapist",
  "52": "Emergency Medicine Specialist",
  "53": "Anesthesiologist",
  "54": "Family Medicine Specialist",
  "55": "Occupational Therapist"
}
